,,,
,,,
,,,
,,,
,"1) TIN SWEDEN _ COUNT 2 640130-3331 will hit 6408233234 will hit 2) VAT AUSTRIA:count 5 ATU26357992 ATU33590851 ATU12727227 ATU09402582 ATU28718938 3) TIN BELGIUM: count 1 00012511119 4) TIN HUNGARY: count 3 8639305870 8333314376 8684161580 5) TIN FRANCE: count 1 3023217600053 6) SSN SPAIN: count 2 664905109448, 347728960341 7)SSN US: count 2 234-34-5026 242-42-4620 8)ICN MALASIA: 261231129312 9) NIN POLAND: 15242588054 10) TIN GERMANY: 65 929 970 489 11) CSN NETHERLANDS: 096195435 12) MN AUSTRALLIA: 3938898401 5989916497 13)NIN FRANCE: 2430966952225 59 14) SIN CANADA 054120373 650-727 15) Ccn number: count 2 30097871264941 6011-2704-8118-7337 16) ICN honkong count 2 P553722(7) Hong Kong Identity Card, HKID 17)ICN thailand count 3 @9082208241537@ Will Hit 1-1964-43062-03-2 Will Hit 8161427577191 Will Hit 18) ICN China count 2 36072719830115027Xb Will Hit 342501199207064058 Will Hit 19) ABA bank routing : 053902197 Will Hit 036001808 Will Hit 011600033 Will Hit 20) CN japan 7288275758478 , 6854046373053, 7568414992629 21) TIN indonesia: count 1 021832415123456 22) TIN NEWZEALAND:count 2 49 091 850 136410132",,
,,,
,,,
,,,
,,,
,,,
,,,
,,,4